faq_id,category,question,answer,created_at,updated_at
FA1,General,What is your return policy?,You can return any item within 30 days of purchase as long as it is in its original condition.,2024-01-01,2024-01-01
FA2,Shipping,How long does shipping take?,Standard shipping typically takes 5-7 business days. Expedited options are available for an additional fee.,2024-01-01,2024-01-01
FA3,Accounts,How can I reset my password?,"To reset your password, click on 'Forgot Password' on the login page and follow the instructions sent to your registered email address.",2024-01-01,2024-01-01
FA4,Products,Do you offer a warranty on your products?,"Yes, we offer a one-year warranty on all our products.",2024-01-01,2024-01-01
FA5,Billing,What payment methods do you accept?,"We accept Visa, MasterCard, American Express, PayPal, and bank transfers.",2024-01-01,2024-01-01
FA6,Technical,How do I download your mobile app?,Our mobile app is available on the App Store for iOS and Google Play Store for Android.,2024-01-01,2024-01-01
FA7,Orders,Can I track my order?,"Yes, once your order is shipped, you will receive an email with tracking information.",2024-01-01,2024-01-01
FA8,Returns,How do I initiate a return?,"To initiate a return, log in to your account, go to 'Order History,' select the item, and click 'Return Item.' Follow the on-screen instructions.",2024-01-01,2024-01-01
FA9,Security,How do you protect my personal information?,We use industry-standard encryption to protect your data during transmission and storage.,2024-01-01,2024-01-01
FA10,Membership,What are the benefits of becoming a member?,"Members enjoy exclusive discounts, early access to sales, and a personalized shopping experience.",2024-01-01,2024-01-01
FA11,General,How can I contact customer support?,You can contact our customer support via email at support@example.com or call us at 1-800-123-4567.,2024-01-01,2024-01-01
FA12,Shipping,Do you offer international shipping?,"Yes, we offer international shipping to many countries. Please check our shipping policy for more details.",2024-01-01,2024-01-01
FA13,Accounts,How do I create an account?,"To create an account, click on 'Sign Up' at the top right corner of the homepage and fill in the required details.",2024-01-01,2024-01-01
FA14,Products,Where can I find product manuals?,Product manuals can be found on the product page under the 'Manuals and Guides' section.,2024-01-01,2024-01-01
FA15,Billing,Can I get an invoice for my order?,"Yes, an invoice will be sent to your registered email address once your order is confirmed.",2024-01-01,2024-01-01
FA16,Technical,What are the system requirements for the software?,"The software requires Windows 10 or macOS 10.15 and above, with at least 4GB of RAM and 2GB of free disk space.",2024-01-01,2024-01-01
FA17,Orders,How can I change my shipping address?,"You can change your shipping address by going to 'My Account,' selecting 'Addresses,' and updating your shipping information.",2024-01-01,2024-01-01
FA18,Returns,What items are non-returnable?,Custom-made items and perishable goods are non-returnable.,2024-01-01,2024-01-01
FA19,Security,Do you share my data with third parties?,"We do not share your personal data with third parties without your consent, except as required by law.",2024-01-01,2024-01-01
FA20,Membership,How do I sign up for the membership program?,"To sign up for the membership program, click on 'Join Now' on our membership page and complete the registration form.",2024-01-01,2024-01-01
FA21,General,What are your business hours?,"Our business hours are Monday to Friday, 9 AM to 5 PM.",2024-01-01,2024-01-01
FA22,Shipping,Can I change my shipping method after placing an order?,"Unfortunately, we cannot change the shipping method once the order is processed.",2024-01-01,2024-01-01
FA23,Accounts,How can I delete my account?,"To delete your account, please contact customer support with your request.",2024-01-01,2024-01-01
FA24,Products,Are your products eco-friendly?,Many of our products are made from sustainable materials and are eco-friendly. Please check the product descriptions for more information.,2024-01-01,2024-01-01
FA25,Billing,Why was my payment declined?,Payments can be declined for various reasons. Please check with your bank or try using a different payment method.,2024-01-01,2024-01-01
FA26,Technical,How do I update the software?,"To update the software, go to the 'Help' menu and select 'Check for Updates.' Follow the on-screen instructions.",2024-01-01,2024-01-01
FA27,Orders,What should I do if I receive a damaged item?,"If you receive a damaged item, please contact customer support within 7 days of delivery to initiate a replacement or refund.",2024-01-01,2024-01-01
FA28,Returns,Do you offer free returns?,"Yes, we offer free returns on all orders within the return window.",2024-01-01,2024-01-01
FA29,Security,How can I update my personal information?,You can update your personal information by logging into your account and navigating to the 'Profile' section.,2024-01-01,2024-01-01
FA30,Membership,How do I cancel my membership?,"To cancel your membership, go to the 'Membership' page, select 'Manage Membership,' and follow the cancellation instructions.",2024-01-01,2024-01-01
FA31,General,Where are you located?,"We are located at 1234 Main Street, Anytown, USA.",2024-01-01,2024-01-01
FA32,Shipping,Can I pick up my order in-store?,"Yes, in-store pickup is available at select locations. Please choose the pickup option during checkout.",2024-01-01,2024-01-01
FA33,Accounts,How do I change my email address?,"To change your email address, log into your account, go to 'Account Settings,' and update your email information.",2024-01-01,2024-01-01
FA34,Products,Are your products available for wholesale?,"Yes, we offer wholesale options for many of our products. Please contact sales@example.com for more information.",2024-01-01,2024-01-01
FA35,Billing,Can I pay with multiple payment methods?,"Currently, we only accept one payment method per order.",2024-01-01,2024-01-01
FA36,Technical,What should I do if I encounter an error?,"If you encounter an error, please contact our technical support team with details of the issue and any error messages you received.",2024-01-01,2024-01-01
FA37,Orders,Can I cancel my order after it's been placed?,"Orders can be canceled within 24 hours of placing them. After that, please contact customer support for assistance.",2024-01-01,2024-01-01
FA38,Returns,How long does it take to process a return?,Return processing typically takes 5-7 business days once we receive the returned item.,2024-01-01,2024-01-01
FA39,Security,How can I report a security vulnerability?,"To report a security vulnerability, please contact security@example.com with details of the issue.",2024-01-01,2024-01-01
FA40,Membership,How do I upgrade my membership?,"To upgrade your membership, go to the 'Membership' page, select 'Upgrade Membership,' and follow the instructions.",2024-01-01,2024-01-01
FA41,General,Do you have a physical store?,"Yes, we have several physical store locations. Please visit our 'Store Locator' page for details.",2024-01-01,2024-01-01
FA42,Shipping,What carriers do you use for shipping?,"We use a variety of carriers including UPS, FedEx, and USPS for our shipping needs.",2024-01-01,2024-01-01
FA43,Accounts,Can I have multiple accounts?,We recommend having only one account per customer for better management and security.,2024-01-01,2024-01-01
FA44,Products,How can I find the right product for me?,Use our product recommendation tool on the website or contact customer support for personalized assistance.,2024-01-01,2024-01-01
FA45,Billing,How do I apply a discount code?,You can apply a discount code at checkout by entering it in the 'Discount Code' field and clicking 'Apply.',2024-01-01,2024-01-01
FA46,Technical,How do I report a bug?,"To report a bug, please contact our technical support team with a detailed description of the issue and any relevant screenshots.",2024-01-01,2024-01-01
FA47,Orders,Can I combine multiple orders?,"Unfortunately, we cannot combine multiple orders once they are placed.",2024-01-01,2024-01-01
FA48,Returns,Will I receive a refund for my return?,"Yes, you will receive a refund to your original payment method once the return is processed.",2024-01-01,2024-01-01
FA49,Security,What should I do if I suspect fraud?,"If you suspect fraud, please contact our customer support team immediately and we will investigate the issue.",2024-01-01,2024-01-01
FA50,Membership,How do I earn rewards points?,"You can earn rewards points by making purchases, referring friends, and participating in promotions.",2024-01-01,2024-01-01
FA51,General,How can I leave a review?,"To leave a review, go to the product page and click on 'Write a Review.'",2024-01-01,2024-01-01
FA52,Shipping,Can I expedite my order?,"Yes, expedited shipping options are available at checkout.",2024-01-01,2024-01-01
FA53,Accounts,How do I subscribe to the newsletter?,"To subscribe to our newsletter, enter your email address in the subscription box at the bottom of our homepage.",2024-01-01,2024-01-01
FA54,Products,Are your products tested on animals?,"No, we do not test our products on animals.",2024-01-01,2024-01-01
FA55,Billing,Can I set up a recurring payment?,"Yes, you can set up recurring payments for subscriptions and memberships.",2024-01-01,2024-01-01
FA56,Technical,How can I reset the software?,"To reset the software, go to the 'Settings' menu and select 'Reset to Default.'",2024-01-01,2024-01-01
FA57,Orders,How can I view my order history?,You can view your order history by logging into your account and selecting 'Order History.',2024-01-01,2024-01-01
FA58,Returns,Can I exchange an item?,"Yes, you can exchange an item by following the return process and selecting 'Exchange' instead of 'Refund.'",2024-01-01,2024-01-01
FA59,Security,How do I enable two-factor authentication?,You can enable two-factor authentication in your account settings under 'Security.',2024-01-01,2024-01-01
FA60,Membership,What are the membership tiers?,"Our membership program has three tiers: Silver, Gold, and Platinum. Each tier offers different benefits and rewards.",2024-01-01,2024-01-01
FA61,General,How do I update my contact information?,You can update your contact information in your account settings under 'Profile.',2024-01-01,2024-01-01
FA62,Shipping,What should I do if my order is delayed?,"If your order is delayed, please contact customer support with your order details and we will investigate the issue.",2024-01-01,2024-01-01
FA63,Accounts,Can I merge multiple accounts?,"Currently, we do not support merging multiple accounts.",2024-01-01,2024-01-01
FA64,Products,How do I request a product feature?,"To request a product feature, please contact our product team at feedback@example.com with your suggestion.",2024-01-01,2024-01-01
FA65,Billing,How do I view my billing history?,You can view your billing history by logging into your account and selecting 'Billing History.',2024-01-01,2024-01-01
FA66,Technical,What is your support response time?,Our support team typically responds within 24-48 hours.,2024-01-01,2024-01-01
FA67,Products,Are your products eco-friendly?,"Yes, we prioritize eco-friendly materials and sustainable practices in our product manufacturing.",2024-01-01,2024-01-01
FA68,Technical,What should I do if I encounter a technical issue on the website?,"If you encounter a technical issue, please clear your browser cache, try a different browser, or contact us.",2024-01-01,2024-01-01
FA69,Discounts,How can I apply a discount code to my order?,Enter your discount code in the 'Promo Code' box at checkout and click 'Apply' to update your total.,2024-01-01,2024-01-01
FA70,Warranty,Do you offer warranties on your products?,"Yes, all our products come with a one-year warranty covering manufacturing defects.",2024-01-01,2024-01-01